subject	hemi	Sub	CA1	CA2	CA3	CA4	DG	SRLM	Cyst
sub-0001	L	471.921186581254	872.1232487000525	115.41447080671787	315.5107326731086	138.74536300450563	154.29293221235275	561.047865524888	15.080188293009996
sub-0001	R	441.531888730824	927.7034240216017	100.30566735565662	249.0663356781006	182.6219386830926	134.46262768283486	567.7438125088811	13.620815232396126
